,Company,Funding,Year Founded
0,Bytedance,$8B,2012
1,Spacex,$7B,2002
2,Shein,$2B,2008
3,Stripe,$2B,2010
4,Klarna,$4B,2005
5,Canva,$572M,2012
6,Checkout.Com,$2B,2012
7,Instacart,$3B,2012
8,Juul Labs,$14B,2015
9,Databricks,$3B,2013
10,Revolut,$2B,2015
11,Epic Games,$7B,1991
12,Ftx,$2B,2018
13,Fanatics,$4B,2002
14,Chime,$2B,2013
15,Byju'S,$4B,2008
16,J&T Express,$5B,2015
17,Xiaohongshu,$918M,2013
18,Miro,$476M,2011
19,Yuanfudao,$4B,2012
20,Rapyd,$770M,2016
21,Discord,$979M,2012
22,Genki Forest,$721M,2016
23,Gopuff,$3B,2013
24,Blockchain.Com,$490M,2011
25,Plaid,$734M,2012
26,Devoted Health,$2B,2017
27,Opensea,$427M,2017
28,Grammarly,$400M,2009
29,Argo Ai,$4B,2016
30,Northvolt,$4B,2016
31,Faire,$1B,2017
32,Airtable,$1B,2013
33,Brex,$1B,2017
34,Getir,$2B,2015
35,Biosplice Therapeutics,$799M,2008
36,Bitmain,$765M,2015
37,Goodleap,$800M,2003
38,Xingsheng Selected,$5B,2009
39,Zongmu Technology,$376M,2013
40,Bolt,$1B,2013
41,Swiggy,$5B,2014
42,Weilong Foods,$558M,1999
43,Global Switch,$5B,1998
44,Bolt,$1B,2014
45,Celonis,$1B,2011
46,Zuoyebang,$3B,2014
47,Ripple,$294M,2012
48,Oyo Rooms,$3B,2012
49,Outsystems,$572M,2001
50,Servicetitan,$1B,2012
51,Alchemy,$564M,2017
52,Chehaoduo,$4B,2015
53,Digital Currency Group,$1B,2015
54,Figma,$333M,2012
55,Gusto,$691M,2011
56,Lalamove,$2B,2013
57,Notion Labs,$343M,2016
58,Reddit,$1B,2005
59,Talkdesk,$497M,2011
60,Thrasio,$2B,2018
61,Dunamu,$71M,2012
62,Yanolja,$2B,2005
63,Pony.Ai,$1B,2016
64,Nuro,$2B,2016
65,Snyk,$1B,2015
66,Kavak,$2B,2016
67,N26,$2B,2013
68,Klaviyo,$679M,2012
69,Niantic,$770M,2015
70,Tanium,$775M,2007
71,Dream11,$2B,2007
72,Dji Innovations,$105M,2006
73,Netskope,$1B,2012
74,Razorpay,$742M,2013
75,Dapper Labs,$607M,2018
76,Lacework,$2B,2015
77,Tipalti,$549M,2010
78,Hopin,$1B,2019
79,Caris Life Sciences,$1B,1996
80,Ramp,$660M,2019
81,Tempus,$820M,2015
82,Fireblocks,$1B,2018
83,Flexport,$2B,2013
84,National Stock Exchange Of India,$297M,1998
85,Meicai,$1B,2014
86,Impossible Foods,$2B,2011
87,Cred,$922M,2018
88,Attentive,$863M,2016
89,Ola Cabs,$4B,2010
90,Rippling,$447M,2017
91,Carta,$1B,2012
92,Toss,$844M,2013
93,Ziroom,$2B,2011
94,Scale Ai,$603M,2018
95,Gong,$583M,2015
96,Tripactions,$912M,2015
97,1Password,$920M,2005
98,Automation Anywhere,$849M,2003
99,Gemini,$424M,2015
100,Consensys,$660M,2014
101,Ro,$1B,2017
102,Black Unicorn Factory,$645M,2020
103,Easyhome,$2B,1999
104,Wedoctor,$1B,2010
105,Svolt,$3B,2018
106,Airwallex,$802M,2015
107,Deel,$629M,2018
108,Mambu,$448M,2011
109,Mollie,$928M,2004
110,Doctolib,$815M,2013
111,Fivetran,$728M,2012
112,Postman,$433M,2014
113,Back Market,$1B,2014
114,Cityblock Health,$891M,2017
115,Datarobot,$1B,2012
116,Personio,$524M,2015
117,Relex Solutions,$803M,2005
118,Vice Media,$1B,1994
119,Workato,$415M,2013
120,Upgrade,$587M,2016
121,Lianjia,$1B,2001
122,Hinge Health,$826M,2015
123,Lyra Health,$910M,2015
124,Benchling,$412M,2012
125,Better.Com,$405M,2018
126,Icapital Network,$729M,2013
127,Wiz,$600M,2020
128,Dailyhunt,$869M,2007
129,Howden Group Holdings,$187M,1994
130,Meesho,$1B,2015
131,Meizu Technology,$943M,2003
132,Cloudwalk Technology,$514M,2015
133,Royole Corporation,$492M,2012
134,Monzo,$1B,2015
135,Socure,$644M,2012
136,Vipkid,$1B,2013
137,Vinted,$562M,2008
138,Lendable,$286M,2014
139,Ubtech Robotics,$943M,2012
140,Anduril,$691M,2017
141,Checkr,$559M,2014
142,Color,$497M,2013
143,Dataiku,$647M,2013
144,Betterup,$567M,2013
145,Pleo,$428M,2015
146,Trade Republic,$996M,2015
147,Chipone,$1B,2008
148,Collibra,$596M,2008
149,Rappi,$2B,2015
150,6Sense,$426M,2013
151,Cerebral,$462M,2020
152,Creditas,$824M,2012
153,Onetrust,$926M,2016
154,Quintoandar,$755M,2012
155,C6 Bank,$2B,2018
156,Cockroach Labs,$633M,2015
157,Hopper,$599M,2007
158,Icertis,$371M,2009
159,Moon Active,$425M,2011
160,Ofbusiness,$734M,2015
161,Ola Electric Mobility,$761M,2019
162,Pine Labs,$903M,1998
163,Qonto,$704M,2016
164,Sambanova Systems,$1B,2017
165,United Imaging Healthcare,$503M,2011
166,Wm Motor,$4B,2015
167,Zepz,$655M,2010
168,Abogen,$1B,2019
169,Greensill,$2B,2011
170,Hyalroute,$263M,2015
171,Radiology Partners,$1B,2012
172,Yello Mobile,$216M,2012
173,Turing,$128M,2018
174,Lenskart,$776M,2008
175,Kraken,$119M,2011
176,Horizon Robotics,$2B,2015
177,Moonpay,$555M,2019
178,Celsius Network,$864M,2017
179,Chargebee Technologies,$468M,2011
180,Coalition,$505M,2017
181,Commure,$542M,2017
182,Flock Safety,$381M,2017
183,Handshake,$434M,2014
184,Highspot,$643M,2013
185,Indigo Ag,$1B,2014
186,Mirakl,$948M,2011
187,Rec Room,$294M,2016
188,Tekion,$435M,2016
189,Otto Bock Healthcare,$0M,1919
190,Outreach,$489M,2011
191,Weride,$1B,2017
192,Applied Intuition,$352M,2017
193,Course Hero,$477M,2006
194,Relativity,$125M,2001
195,Whoop,$404M,2012
196,Arctic Wolf Networks,$498M,2012
197,Goat,$493M,2015
198,Noom,$657M,2006
199,Papaya Global,$440M,2016
200,Redwood Materials,$792M,2017
201,Sharechat,$1B,2015
202,Sorare,$739M,2019
203,Vast Data,$263M,2016
204,Articulate,$2B,2015
205,Dutchie,$603M,2017
206,Falconx,$324M,2018
207,Guild Education,$379M,2015
208,Chainalysis,$367M,2014
209,Dbt Labs,$414M,2016
210,Globalization Partners,$350M,2012
211,Intarcia Therapeutics,$1B,1995
212,Relativity Space,$1B,2016
213,Stockx,$495M,2016
214,Thoughtspot,$664M,2012
215,Ssense,Unknown,2003
216,Bitpanda,$546M,2014
217,Dataminr,$1B,2009
218,Weee!,$864M,2015
219,Medlinker,$761M,2014
220,Hozon Auto,$2B,2014
221,Aurora Solar,$523M,2013
222,Branch,$667M,2014
223,Browserstack,$250M,2011
224,Cerebras Systems,$720M,2016
225,Clickup,$535M,2017
226,Clubhouse,$110M,2020
227,Farmers Business Network,$870M,2014
228,Houzz,$614M,2008
229,Megvii,$1B,2011
230,Melio,$504M,2018
231,Next Insurance,$881M,2016
232,Olive,$856M,2012
233,Patreon,$413M,2013
234,Pointclickcare,$230M,2000
235,Rubrik,$553M,2014
236,Vuori,$445M,2015
237,Webflow,$335M,2012
238,Yuga Labs,$450M,2021
239,Zapier,$1M,2011
240,Dadi Cinema,$154M,2006
241,Kurly,$770M,2014
242,Moglix,$471M,2015
243,Openai,$1B,2015
244,Upstox,$54M,2010
245,Vista Global,$418M,2004
246,Yixia,$775M,2011
247,Automattic,$859M,2005
248,Oaknorth Bank,$1B,2015
249,Worldcoin,$125M,2019
250,Hive Box,$1B,2015
251,Trax,$1B,2010
252,Messagebird,$1B,2011
253,Cohesity,$660M,2013
254,Cybereason,$714M,2012
255,A24 Films,$225M,2012
256,Acronis,$408M,2003
257,Aura,$500M,2019
258,Byton,$1B,2016
259,Cato Networks,$532M,2015
260,Digit Insurance,$531M,2016
261,Fetch Rewards,$582M,2014
262,Games24X7,$75M,2006
263,Gostudent,$685M,2017
264,Immutable,$280M,2018
265,Infra.Market,$274M,2016
266,Side,$314M,2017
267,Sifive,$366M,2015
268,Somatus,$465M,2016
269,Sysdig,$730M,2013
270,Uniphore,$607M,2008
271,Varo Bank,$987M,2015
272,Vercel,$313M,2015
273,Oura,$148M,2013
274,Unacademy,$789M,2015
275,Axonius,$395M,2017
276,Clari,$496M,2012
277,Manomano,$706M,2013
278,Pendo,$357M,2013
279,Plume,$722M,2015
280,Jumpcloud,$407M,2012
281,Project44,$818M,2014
282,Sourcegraph,$248M,2013
283,Ownbackup,$507M,2015
284,Starburst,$414M,1999
285,Youxia Motors,$1B,2014
286,Zetwerk,$543M,2018
287,Cars24,$1B,2015
288,Ethos,$407M,2016
289,Komodo Health,$314M,2014
290,Nextiva,$200M,2008
291,O9 Solutions,$417M,2009
292,Scopely,$999M,2011
293,Sila Nanotechnologies,$880M,2011
294,Via,$777M,2012
295,Transmit Security,$583M,2014
296,Blockdaemon,$398M,2016
297,Convoy,$666M,2015
298,Dream Games,$468M,2019
299,Illumio,$558M,2013
300,Masterclass,$461M,2015
301,Graphcore,$682M,2016
302,Applyboard,$483M,2015
303,Blockstream,$299M,2014
304,Cedar,$326M,2016
305,Contentsquare,$812M,2012
306,Eruditus Executive Education,$591M,2010
307,Innovaccer,$379M,2014
308,Ironclad,$334M,2014
309,Skims,$399M,2019
310,Thumbtack,$698M,2008
311,Zipline,$483M,2014
312,Bharatpe,$600M,2018
313,Drivewealth,$551M,2012
314,Flink Food,$1B,2021
315,Psiquantum,$665M,2016
316,Spoton,$628M,2017
317,Gorillas,$1B,2020
318,Highradius,$475M,2006
319,Loft,$788M,2018
320,Nuvemshop,$628M,2011
321,Udaan,$1B,2016
322,Workrise,$722M,2014
323,Activecampaign,$360M,2003
324,Age Of Learning,$500M,2007
325,Amber Group,$328M,2015
326,Anchorage Digital,$487M,2017
327,Blockfi,$1B,2017
328,Calendly,$351M,2013
329,Carbon Health,$523M,2015
330,Circle,$711M,2013
331,Cmr Surgical,$975M,2014
332,Contentful,$333M,2013
333,Cross River Bank,$775M,2008
334,Delhivery,$1B,2011
335,Flixbus,$1B,2013
336,Flutterwave,$474M,2016
337,Forter,$525M,2013
338,Grafana Labs,$535M,2014
339,Groww,$393M,2017
340,Inxeption,$187M,2017
341,Kk Group,$612M,2014
342,Lattice,$329M,2015
343,Launchdarkly,$330M,2014
344,Lucid,$170M,2010
345,Outschool,$240M,2015
346,Podium,$419M,2014
347,Remote,$496M,2016
348,Seismic,$427M,2010
349,Sky Mavis,$311M,2019
350,Souche Holdings,$1B,2012
351,Tradingview,$339M,2011
352,Traveloka,$1B,2012
353,Wefox,$919M,2014
354,Wildlife Studios,$180M,2011
355,1047 Games,$127M,2017
356,Baiwang,$224M,2015
357,Boba,$45M,2018
358,Bought By Many,$477M,2012
359,Cambridge Mobile Telematics,$503M,2010
360,Carzone,$946M,1995
361,Cfgi,$19M,2000
362,Cgtz,$536M,2014
363,Changingedu,$188M,2014
364,Edaili,$101M,2015
365,Enovate,$1B,2015
366,Fenbi Education,$390M,2015
367,Hesai Tech,$717M,2013
368,Il Makiage,$29M,2018
369,Iluvatar Corex,$186M,2015
370,Jusfoun Big Data,$137M,2010
371,Pagaya,$417M,2015
372,Policybazaar,$634M,2008
373,Promasidor Holdings,$556M,1979
374,Tubatu.Com,$216M,2008
375,Ximalaya Fm,$71M,2012
376,Heytea,$594M,2012
377,Bgl Group,$696M,1992
378,Claroty,$640M,2015
379,Improbable,$754M,2012
380,Inmobi,$221M,2007
381,Mindmaze,$340M,2012
382,Ninja Van,$975M,2014
383,Pantheon Systems,$200M,2010
384,Sellerx,$766M,2020
385,Appdirect,$431M,2009
386,Brewdog,$233M,2007
387,Enflame,$472M,2018
388,Tradeshift,$861M,2009
389,Heartflow,$568M,2007
390,Extend,$320M,2004
391,Airbyte,$181M,2020
392,Andela,$381M,2014
393,Ascend Money,$150M,2013
394,Athelas,$150M,2016
395,Built,$289M,2015
396,Candy.Com,$100M,2021
397,Cognite,$225M,2016
398,Coinlist,$119M,2017
399,Collective Health,$719M,2013
400,Culture Amp,$257M,2011
401,Devo,$381M,2011
402,Elasticrun,$435M,2016
403,Gett,$828M,2010
404,Id.Me,$142M,2010
405,Impact.Com,$261M,2008
406,Ledger,$466M,2014
407,Lusha,$245M,2016
408,Matillion,$310M,2011
409,Moloco,$192M,2013
410,Mu Sigma,$211M,2004
411,Next Silicon,$203M,2018
412,Notco,$370M,2015
413,Olist,$320M,2015
414,Pacaso,$217M,2020
415,Paradox,$253M,2016
416,Persona,$218M,2018
417,Smartrecruiters,$225M,2010
418,Snapdocs,$253M,2012
419,Solugen,$435M,2016
420,Storedot,$190M,2012
421,Strava,$152M,2009
422,Temporal,$129M,2019
423,Tujia,$755M,2011
424,Uplight,Unknown,2019
425,Veho,$299M,2016
426,Veriff,$177M,2015
427,Whatnot,$225M,2019
428,Zenoti,$331M,2010
429,Zeta,$340M,2015
430,Loom,$204M,2016
431,Mobile Premier League,$376M,2018
432,Uala,$544M,2017
433,Wenheyou,$90M,2013
434,Star Charge,$125M,2014
435,Abl Space Systems,$419M,2017
436,Afiniti,$120M,2006
437,Asapp,$380M,2014
438,Bitsight Technologies,$401M,2013
439,Cao Cao Mobility,$744M,2015
440,Capitolis,$282M,2017
441,Carbon,$682M,2013
442,Clio,$386M,2008
443,Cresta,$151M,2017
444,Exabeam,$390M,2013
445,Ezcater,$421M,2007
446,Homelight,$219M,2012
447,Honeybook,$498M,2013
448,Infinidat,$325M,2011
449,Mercury,$152M,2019
450,Paxos,$538M,2012
451,Safetyculture,$222M,2004
452,Smarthr,$190M,2013
453,Tonal,$450M,2015
454,Truepill,$255M,2016
455,Unite Us,$195M,2014
456,Verkada,$139M,2016
457,Wayflyer,$236M,2019
458,Zhubajie,$445M,2006
459,Transcarent,$298M,2020
460,Trader Interactive,$624M,2017
461,Glossier,$266M,2014
462,Hibob,$274M,2015
463,Jobandtalent,$902M,2009
464,Optimism,$179M,2019
465,Solarisbank,$403M,2016
466,Wemakeprice,$397M,2009
467,Alan,$364M,2016
468,Biren Technology,$285M,2019
469,Voodoo,$517M,2013
470,Carsome,$577M,2015
471,Circleci,$315M,2011
472,Dealshare,$612M,2018
473,Dispatchhealth,$403M,2013
474,Dragos,$358M,2016
475,Gousto,$311M,2012
476,H2O.Ai,$251M,2011
477,Harness,$195M,2016
478,Harry'S,$792M,2013
479,Pax,$542M,2007
480,Productboard,$261M,2014
481,Reltio,$237M,2011
482,Spotter,$231M,2019
483,Vestiaire Collective,$663M,2009
484,Wave,$200M,2018
485,Zenbusiness,$275M,2015
486,Bowery Farming,$497M,2015
487,Greenlight,$557M,2014
488,Keeptruckin,$417M,2013
489,Odoo,$229M,2005
490,Skydance Media,$275M,2010
491,Uptake,$218M,2014
492,Momo,$434M,2013
493,Algolia,$334M,2012
494,Pattern,$277M,2013
495,Spinny,$509M,2015
496,Trulioo,$474M,2011
497,Zume,$423M,2015
498,Aiways,$792M,2017
499,Bitso,$378M,2014
500,Bloomreach,$422M,2009
501,Current,$402M,2015
502,Dialpad,$400M,2011
503,G7 Networks,$710M,2006
504,Gympass,$525M,2012
505,Musinsa,$287M,2001
506,Nucom Group,$550M,2016
507,Reify Health,$259M,2012
508,Diamond Foundry,$351M,2012
509,Fullstory,$172M,2014
510,Lightricks,$305M,2013
511,Opentrons,$240M,2016
512,Zocdoc,$374M,2007
513,Accelerant,$193M,2018
514,Huaqin Telecom Technology,$298M,2005
515,Addepar,$676M,2009
516,Yitu Technology,$401M,2012
517,Cloudwalk,$345M,2015
518,Retool,$96M,2000
519,Volocopter,$599M,2011
520,Acorns,$507M,2012
521,Aledade,$295M,2014
522,Coinswitch Kuber,$301M,2017
523,Concertai,$300M,2018
524,Eightfold.Ai,$397M,2016
525,Firstcry,$441M,2010
526,Forto,$593M,2016
527,Gocardless,$529M,2011
528,Invision,$349M,2011
529,Jeeves,$268M,2019
530,Medable,$507M,2013
531,Moveworks,$305M,2016
532,Mx Technologies,$450M,2010
533,Payfit,$496M,2016
534,Recharge,$277M,2017
535,Roofstock,$365M,2015
536,Urban Company,$371M,2014
537,Rokt,$487M,2012
538,Starling Bank,$791M,2014
539,Ankorstore,$422M,2019
540,4Paradigm,$1B,2015
541,Advance Intelligence Group,$536M,2016
542,Aiven,$210M,2016
543,Akulaku,$438M,2014
544,Apeel Sciences,$640M,2012
545,Appsflyer,$293M,2011
546,Avant,$658M,2012
547,Aviatrix,$341M,2014
548,Blablacar,$449M,2006
549,Black Sesame Technologies,$115M,2016
550,Bunq,$281M,2013
551,Calm,$218M,2012
552,Chipper Cash,$302M,2017
553,Clearco,$433M,2015
554,Clickhouse,$300M,2021
555,Clip,$381M,2012
556,Cloudinary,$100M,2011
557,Deliverr,$456M,2017
558,Divvy Homes,$370M,2017
559,Dremio,$410M,2015
560,Druva,$475M,2007
561,Everlaw,$299M,2010
562,Exotec,$450M,2015
563,Formlabs,$251M,2011
564,Guoquan Shihui,$523M,2017
565,Hive,$121M,2013
566,Huimin,$517M,2013
567,Isn,Unknown,2001
568,Iterable,$342M,2013
569,Kajabi,$550M,2010
570,Kaseya,$545M,2000
571,Keep,$614M,2014
572,Kry,$569M,2014
573,Loggi,$507M,2013
574,Ltk,$315M,2011
575,Lunar,$448M,2015
576,Mafengwo,$503M,2010
577,Magic Leap,$3B,2010
578,Misfits Market,$527M,2018
579,Modern Treasury,$183M,2018
580,Mural,$192M,2011
581,Mynt,$475M,2015
582,Neo4J,$408M,2007
583,Netlify,$202M,2014
584,Ocsial,$285M,2012
585,Opay,$570M,2018
586,Pipe,$566M,2019
587,Preferred Networks,$147M,2014
588,Quora,$226M,2009
589,Redis Labs,$356M,2011
590,Smartnews,$410M,2012
591,Spring Health,$296M,2016
592,Starkware,$161M,2018
593,Sword Health,$296M,2015
594,Tier,$587M,2018
595,Trendy Group International,$200M,1999
596,Unqork,$365M,2017
597,Verbit,$432M,2016
598,Virta Health,$373M,2015
599,Xinchao Media,$768M,2007
600,Xingyun Group,$950M,2015
601,Xtalpi,$786M,2014
602,Zilch,$339M,2018
603,56Pingtai,$188M,2013
604,Alzheon,$94M,2013
605,Aprogen,$62M,2000
606,Axtria,$206M,2009
607,Cell C,$547M,2000
608,China Cloud,$523M,2010
609,Credavenue,$227M,2017
610,Deepblue Technology,$79M,2014
611,Dmed Biopharmaceutical,$214M,2016
612,Einride,$151M,2016
613,Eqrx,$700M,2020
614,Everly Health,$231M,2015
615,Fair,$2B,2016
616,Flipboard,$211M,2010
617,Globality,$310M,2015
618,Hosjoy,$139M,2009
619,Huisuanzhang,$227M,2015
620,Hujiang,$223M,2001
621,Hyperchain,$249M,2016
622,Itutorgroup,$315M,1998
623,Jimubox,$131M,2013
624,Juma Peisong,$281M,2011
625,Justworks,$143M,2012
626,Keenon Robotics,$229M,2010
627,Kuaigou Dache,$650M,2014
628,Lifemiles,$344M,2011
629,Linksure Network,$52M,2013
630,Mobikwik,$249M,2009
631,Modernizing Medicine,$394M,2010
632,Ovh,$1B,1999
633,Phenom People,$163M,2011
634,Pipa Coding,$268M,2017
635,Qingting Fm,$164M,2011
636,Rad Power Bikes,$329M,2007
637,Shukun Technology,$211M,2017
638,Shulan Health,$43M,2015
639,Sitech Dev,Unknown,2017
640,Snapdeal,$2B,2008
641,Sumup,$1B,2011
642,Talkingdata,$310M,2013
643,Tungee,$171M,2016
644,Uisee Technology,$154M,2016
645,Valgen Medtech,$188M,2015
646,Vectra Networks,$352M,2011
647,Venafi,$174M,2000
648,Wacai,$369M,2009
649,Webull,$230M,2016
650,Wtoip,$307M,2013
651,Xiaobing,Unknown,2020
652,Xiaoe Tech,$149M,2015
653,Yiguo,$800M,2005
654,Yimidida,$554M,2015
655,Yipin Shengxian,$658M,2017
656,Ynsect,$393M,2011
657,Hello Transtech,$2B,2016
658,Miaoshou Doctor,$947M,2015
659,Ecarx,$394M,2016
660,Eat Just,$440M,2011
661,Trumid,$660M,2014
662,Qualia,$160M,2015
663,Beisen,$388M,2002
664,Earnix,$98M,2001
665,Kujiale,$235M,2011
666,Orca Security,$632M,2019
667,Apus Group,$116M,2014
668,Forte Labs,$910M,2018
669,Curefit,$665M,2016
670,Dt Dream,$267M,2015
671,Fabric,$294M,2017
672,Jolly Information Technology,$96M,2008
673,K Health,$271M,2016
674,Mofang Living,$650M,2009
675,Spendesk,$314M,2015
676,Taxbit,$236M,2018
677,Xiaozhu,$572M,2012
678,Yijiupi,$511M,2014
679,Yunquna,$207M,2015
680,Bordrin Motors,$362M,2016
681,Aleo,$228M,2019
682,Coocaa,$218M,2006
683,Gymshark,$262M,2012
684,M1 Finance,$323M,2015
685,Ouyeel,$432M,2015
686,Sondermind,$183M,2014
687,Astranis Space Technologies,$303M,2015
688,Away,$181M,2015
689,Cabify,$407M,2011
690,Clarify Health,$328M,2015
691,Coda,$240M,2014
692,Deezer,$532M,2007
693,Degreed,$318M,2012
694,Deliverect,$237M,2018
695,Envoy,$170M,2013
696,Epidemic Sound,$509M,2009
697,Figment,$165M,2018
698,Firebolt,$264M,2019
699,Five Star Business Finance,$456M,1984
700,Gupshup,$384M,2011
701,Kong,$169M,2007
702,Koudai,$368M,2010
703,Panther Labs,$141M,2018
704,Papa,$241M,2016
705,Pristyn Care,$177M,2018
706,Rebel Foods,$521M,2011
707,Salt Security,$271M,2016
708,Scalable Capital,$314M,2014
709,Sparkcognition,$286M,2013
710,Stash,$426M,2015
711,Symphony,$511M,2014
712,Tripledot,$202M,2017
713,Videoamp,$382M,2014
714,Yidian Zixun,$151M,2021
715,Yotpo,$436M,2011
716,Neon,$720M,2016
717,Veepee,Unknown,2001
718,Alloy,$156M,2015
719,Epirus,$287M,2018
720,Klook,$722M,2014
721,Yaoshibang,$496M,2015
722,Signifyd,$390M,2011
723,Motorway,$276M,2017
724,Ridi,$178M,2008
725,Athletic Greens,$115M,2010
726,Gpclub,$67M,2003
727,Grove Collaborative,$475M,2016
728,Tongdun Technology,$252M,2013
729,Unisound,$361M,2012
730,Betterment,$335M,2010
731,Cava Group,$738M,2010
732,Cointracker,$102M,2017
733,Distrokid,Unknown,2013
734,Domestika,$130M,2012
735,Flock Freight,$399M,2015
736,Insightec,$633M,1999
737,Island,$215M,2020
738,Itrustcapital,$128M,2018
739,Konfio,$378M,2013
740,Linktree,$166M,2016
741,Loadsmart,$336M,2014
742,Lukka,$201M,2014
743,Manner,$10M,2015
744,The Brandtech Group,$610M,2015
745,Travelperk,$408M,2015
746,Yugabyte,$291M,2016
747,Intercom,$241M,2011
748,Ovo Energy,$324M,2009
749,Bigid,$246M,2015
750,Captivateiq,$165M,2014
751,Flipdish,$157M,2015
752,Honor Technology,$325M,2014
753,Incode Technologies,$257M,2015
754,Kuaikan Manhua,$594M,2014
755,Marshmallow,$116M,2017
756,Mythical Games,$260M,2018
757,Route,$482M,2018
758,Tackle.Io,$148M,2016
759,Nexii,$45M,2020
760,Galaxyspace,$14M,2016
761,Insider,$167M,2012
762,Spiber,$520M,2007
763,Ada Support,$191M,2016
764,Agentsync,$111M,2018
765,Alation,$192M,2012
766,Bigpanda,$317M,2012
767,Cardekho,$448M,2008
768,Copado,$271M,2013
769,Dailypay,$189M,2016
770,Floqast,$230M,2013
771,Gem,$148M,2017
772,Grubmarket,$382M,2013
773,Helium Systems,$365M,2013
774,Inari,$337M,2016
775,Jokr,$430M,2021
776,Livspace,$427M,2015
777,Merama,$345M,2020
778,Mindtickle,$281M,2012
779,Myglamm,$310M,2015
780,Oda,$337M,2013
781,Offchain Labs,$124M,2018
782,Phantom,$118M,2021
783,Pilot.Com,$161M,2016
784,Prime Medicine,$315M,2019
785,Public,$309M,2008
786,Qumulo,$347M,2012
787,Rohlik,$380M,2019
788,Seekout,$189M,2017
789,Smartmore,$300M,2019
790,Tealium,$264M,2008
791,Upgrad,$194M,2015
792,Workhuman,$9M,1999
793,Xpressbees,$573M,2012
794,L&P Cosmetic,$33M,2009
795,Mininglamp Technology,$787M,2014
796,Luoji Siwei,$144M,2012
797,Irl,$197M,2017
798,Modern Health,$167M,2017
799,Tuhu,$875M,2011
800,Cloudbees,$236M,2010
801,Elemy,$323M,2019
802,Guideline,$339M,2015
803,Happy Money,$192M,2009
804,Rebellion Defense,$150M,2019
805,Stord,$205M,2015
806,At-Bay,$292M,2016
807,Teld,$396M,2014
808,Acko General Insurance,$458M,2016
809,Apna,$193M,2019
810,Beyond Identity,$205M,2019
811,Carousell,$288M,2012
812,Chief,$140M,2019
813,Coindcx,$109M,2017
814,Daily Harvest,$120M,2014
815,Enpal,$304M,2017
816,Esentire,$186M,2001
817,Firefly Aerospace,$172M,2014
818,Fundbox,$404M,2013
819,G2,$258M,2012
820,Gaussian Robotics,$325M,2013
821,Getyourguide,$656M,2009
822,Globalbees,$185M,2021
823,Ivalua,$134M,2000
824,Juanpi,$136M,2012
825,Karat,$169M,2014
826,Lead School,$166M,2012
827,Nexthink,$346M,2004
828,People.Ai,$200M,2017
829,Pharmapacks,$433M,2010
830,Rightway,$130M,2017
831,Sennder,$340M,2015
832,Sisense,$274M,2004
833,Staffbase,$307M,2014
834,Sunbit,$210M,2016
835,Tangome,$361M,2009
836,The Bank Of London,$90M,2018
837,Zego,$202M,2016
838,Nxin,$53M,2015
839,Mamaearth,$111M,2016
840,Radius Payment Solutions,$200M,1990
841,Rivigo,$247M,2014
842,Rubicon,$223M,2008
843,Socar,$408M,2012
844,Mobilecoin,$107M,2018
845,Density,$217M,2014
846,Instabase,$132M,2015
847,Jiuxian,$250M,2009
848,Matrixport,$100M,2019
849,Mixpanel,$277M,2009
850,Sendbird,$221M,2013
851,Orcam Technologies,$86M,2010
852,Leap Motor,$1B,2015
853,1Kmxc,$86M,2014
854,58 Daojia,$300M,2014
855,Agile Robots,$240M,2018
856,Aibee,$273M,2017
857,Aircall,$226M,2014
858,Ajaib,$245M,2018
859,Alto Pharmacy,$524M,2015
860,Amagi,$240M,2008
861,Amount,$243M,2019
862,Amperity,$187M,2016
863,Anyscale,$160M,2019
864,Aptos,$200M,2021
865,Aqua Security,$265M,2015
866,Assembly,Unknown,2019
867,Assent,$534M,2010
868,Augury,$294M,2011
869,Axelar,$64M,2020
870,Axiom Space,$150M,2016
871,Banma Network Technologies,$697M,2015
872,Beibei,$224M,2011
873,Benevolentai,$292M,2013
874,Berlin Brands Group,$800M,2005
875,Betterfly,$205M,2018
876,Bitfury,$170M,2011
877,Blackbuck,$352M,2015
878,Bluecore,$238M,2013
879,Bluevoyant,$526M,2017
880,Bolttech,$210M,2018
881,Boom Supersonic,$241M,2014
882,Bringg,$185M,2013
883,C2Fo,$538M,2008
884,Cadence,$141M,2020
885,Cais,$406M,2009
886,Cameo,$165M,2016
887,Capsule,$570M,2016
888,Cargox,$390M,2015
889,Carro,$595M,2015
890,Carson Group,Unknown,2012
891,Cheq,$182M,2014
892,Chronosphere,$254M,2019
893,Cider,$140M,2020
894,Clara,$109M,2020
895,Clearcover,$305M,2016
896,Commerceiq,$196M,2012
897,Contrast Security,$269M,2014
898,Darwinbox,$107M,2015
899,Dental Monitoring,$232M,2014
900,Dianrong,$549M,2012
901,Drata,$128M,2020
902,Drivenets,$325M,2015
903,Dune Analytics,$79M,2018
904,Dxy.Cn,$682M,2000
905,Ebanx,$460M,2012
906,Ecoflow,$105M,2017
907,Electric,$209M,2016
908,Emerging Markets Property Group,$279M,2015
909,Esusu,$145M,2015
910,Evidation,$259M,2012
911,Expel,$258M,2016
912,Fabric,$294M,2015
913,Feedzai,$277M,2009
914,Fever Labs,$299M,2012
915,Fiture,$391M,2019
916,Flash,$314M,2011
917,Flash Express,$350M,2017
918,Flashex,$359M,2014
919,Fractal Analytics,$685M,2000
920,Freshbooks,$156M,2004
921,Fxiaoke,$283M,2011
922,Gauntlet Networks,$45M,2018
923,Geek+,$439M,2015
924,Gelato,$269M,2007
925,Glia,$152M,2012
926,Go1,$284M,2015
927,Groq,$362M,2016
928,Hailo,$221M,2017
929,Haomao.Ai,$157M,2019
930,Hasura,$137M,2017
931,Haydon,$100M,2020
932,Heyday,$800M,2017
933,Hmd Global,$330M,2016
934,Hotmart,$127M,2011
935,Huike Group,$302M,2010
936,Human Interest,$337M,2015
937,Ibotta,$93M,2011
938,Icarbonx,$200M,2015
939,Ifood,$592M,2011
940,Infarm,$600M,2013
941,Infobip,$200M,2006
942,Injective Protocol,$17M,2018
943,Intellifusion,$173M,2014
944,Interos,$135M,2005
945,Iodine Software,Unknown,2010
946,Joytunes,$92M,2011
947,Kendra Scott,Unknown,2002
948,Kitopi,$504M,2018
949,Knowbox,$306M,2014
950,Kopi Kenangan,$333M,2017
951,Lamabang,$130M,2011
952,Layerzero Labs,$143M,2021
953,Lessen,$205M,2019
954,Letsgetchecked,$263M,2015
955,Licious,$489M,2015
956,Linkdoc Technology,$253M,2014
957,Locus Robotics,$299M,2014
958,Lookout,$282M,2007
959,Lydia,$263M,2011
960,Madeiramadeira,$336M,2009
961,Maimai,$300M,2013
962,Mammoth Biosciences,$265M,2017
963,Masterworks,$110M,2017
964,Maven Clinic,$202M,2014
965,Mediamath,$325M,2007
966,Meero,$293M,2016
967,Mensa Brands,$218M,2021
968,Mia.Com,$232M,2011
969,Minio,$126M,2014
970,Mobvoi,$252M,2012
971,Moka,$144M,2015
972,Momenta,$1B,2016
973,Morning Consult,$91M,2014
974,Movile,$588M,1998
975,Mux,$174M,2015
976,Nature'S Fynd,$463M,2012
977,Newlink Group,$655M,2016
978,News Break,$151M,2015
979,Newsela,$172M,2013
980,Nium,$285M,2014
981,Nobroker,$424M,2014
982,Noname Security,$220M,2020
983,Numbrs,$105M,1999
984,Omada Health,$449M,2011
985,Omio,$396M,2013
986,One,$515M,2011
987,Openweb,$223M,2012
988,Orbbec Technology,$200M,2013
989,Orca Bio,$192M,2016
990,Orchard,$252M,2017
991,Owkin,$254M,2016
992,Pandadoc,$51M,2016
993,Pat Mcgrath Labs,$60M,2016
994,Patsnap,$352M,2007
995,Payhawk,$239M,2018
996,Pentera,$190M,2015
997,Pet Circle,$125M,2011
998,Picsart,$195M,2011
999,Place,$100M,2020
1000,Placer.Ai,$166M,2016
1001,Playco,$140M,2020
1002,Poizon,Unknown,2015
1003,Ppro,$370M,2006
1004,Printful,$130M,2016
1005,Quantum Metric,$226M,2015
1006,Quizlet,$62M,2005
1007,Rapidapi,$273M,2015
1008,Razor,$167M,2020
1009,Red Ventures,$250M,2000
1010,Reef Technology,$2B,2015
1011,Reliaquest,$330M,2007
1012,Revolution Precrafted,$15M,2015
1013,Rothy'S,$484M,2016
1014,Saltpay,$1B,2019
1015,Savage X Fenty,$310M,2018
1016,Scalapay,$416M,2019
1017,Scandit,$273M,2009
1018,Sentry,$127M,2011
1019,Shield Ai,$328M,2015
1020,Shift Technology,$545M,2014
1021,Shipbob,$331M,2014
1022,Shippo,$154M,2013
1023,Sidecar Health,$163M,2018
1024,Sift,$157M,2011
1025,Skydio,$340M,2014
1026,Slice,$249M,2015
1027,Smartasset,$161M,2012
1028,Sms Assist,$255M,2003
1029,Snaplogic,$371M,2006
1030,Snorkel Ai,$135M,2019
1031,Solo.Io,$172M,2017
1032,Soundhound,$215M,2005
1033,Splashtop,$114M,2006
1034,Standard,$239M,2017
1035,Stytch,$126M,2020
1036,Swile,$326M,2016
1037,Tarana Wireless,$376M,2009
1038,Techstyle Fashion Group,$336M,2010
1039,Tenstorrent,$235M,2016
1040,Terminus Technology,$623M,2015
1041,Tezign,$151M,2015
1042,The Zebra,$257M,2012
1043,Thirty Madison,$210M,1993
1044,Thought Machine,$403M,2014
1045,Timescale,$181M,2015
1046,Tractable,$120M,2014
1047,Tresata,$51M,2011
1048,Trialspark,$156M,2014
1049,Truelayer,$271M,2016
1050,Unico,$237M,2007
1051,Vagaro,$163M,2009
1052,Vedantu,$292M,2014
1053,Veev,$585M,2008
1054,Vise,$128M,2016
1055,Visier,$217M,2010
1056,Voi,$516M,2018
1057,Vox Media,$308M,2011
1058,Vts,$187M,2012
1059,Watershed,$70M,2019
1060,Weights & Biases,$200M,2017
1061,Welab,$871M,2013
1062,Womai,$330M,2009
1063,Wrapbook,$131M,2018
1064,Xendit,$215M,2014
1065,Xforceplus,$200M,2015
1066,Yh Global,$182M,1997
1067,Yipitdata,$492M,2008
1068,Yunxuetang,$389M,2011
1069,Zhaogang,$379M,2012
1070,Zhuan Zhuan,$990M,2015
1071,Zihaiguo,$80M,2018
1072,Zopa,$792M,2005
1073,Zwift,$620M,2014